{
"mix_path": "/home/jcosentino/jcosentino/datasets//CHiME3/data/audio/16kHz/isolated/et05_bus_real/F05_440C0210_BUS.CH6.wav",
"input_wer": 0.2727272727272727,
"clean_wer": 0.2727272727272727,
"wer": 0.30303030303030304
}