{
"mix_path": "/home/jcosentino/jcosentino/datasets//CHiME3/data/audio/16kHz/isolated/et05_bus_real/M06_443C020Z_BUS.CH6.wav",
"input_wer": 0.16216216216216217,
"clean_wer": 0.16216216216216217,
"wer": 0.0
}