{
"mix_path": "/home/jcosentino/jcosentino/datasets//CHiME3/data/audio/16kHz/isolated/et05_caf_real/F05_444C020S_CAF.CH4.wav",
"input_wer": 0.08547008547008547,
"clean_wer": 0.08547008547008547,
"wer": 0.08547008547008547
}